{
  "errno": 0,
  "errmsg": "ok",
  "logid": "5a2fabf4313725383",
  "data": {
    "type": "1",
    "goods": [
      {
        "id": "2178",
        "name": "青岛11度听装",
        "long_name": "青岛11度听装330.0ml",
        "store_nums": "200",
        "specifics": "330ml",
        "attribute": "",
        "sort": "61040099",
        "brand_id": "30",
        "brand_name": "青岛啤酒",
        "hot_degree": "0",
        "safe_day": "0",
        "safe_unit": "1",
        "market_price": "5",
        "pcid": "55",
        "partner_price": "5",
        "ismix": "0",
        "pre_img": "0000002178.jpg",
        "pre_imgs": "0000002178_17578.jpg,",
        "cart_group_id": "0",
        "goods_type": "0",
        "source_id": "0",
        "tag_ids": "",
        "pre_state": "0",
        "keywords": "青岛11度,听装,啤酒,酒水饮料",
        "product_num": "2",
        "no_col": "0",
        "org_source_value": "2",
        "safe_unit_desc": "天",
        "c_layer": "2",
        "p_cids": {
          "103840": {
            "103834": "饮料酒水"
          }
        },
        "cids": {
          "103840": "酒类"
        },
        "category_id": "103834",
        "cid": "103834",
        "child_cid": "103840",
        "product_id": "2178",
        "price": "4.00",
        "number": "1000",
        "dealer_id": "3937",
        "had_pm": "0",
        "_had_pm": "0",
        "pm_desc": "",
        "pm_list": [],
        "pm_info": "",
        "is_xf": "0",
        "pm_tags": [],
        "img": "http://img01.bqstatic.com/upload/goods/000/000/2178/0000002178.jpg@355w_355h_90Q",
        "app_mimg": "http://img01.bqstatic.com/upload/goods/000/000/2178/0000002178.jpg@355w_355h_90Q"
      },
      {
        "id": "2198",
        "name": "可口可乐汽水",
        "long_name": "可口可乐汽水330ml",
        "store_nums": "200",
        "specifics": "330ml",
        "attribute": "",
        "sort": "32000709",
        "brand_id": "7",
        "brand_name": "可口可乐",
        "hot_degree": "0",
        "safe_day": "12",
        "safe_unit": "2",
        "market_price": "3",
        "pcid": "55",
        "partner_price": "3",
        "ismix": "0",
        "pre_img": "0000002198.jpg",
        "pre_imgs": "0000002198_17477.jpg",
        "cart_group_id": "0",
        "goods_type": "0",
        "source_id": "0",
        "tag_ids": "",
        "pre_state": "0",
        "keywords": "可口可乐,碳酸饮料",
        "product_num": "27",
        "no_col": "0",
        "org_source_value": "2",
        "top_sort": "3",
        "safe_unit_desc": "月",
        "c_layer": "2",
        "p_cids": {
          "103837": {
            "103834": "饮料酒水"
          }
        },
        "cids": {
          "103837": "碳酸饮料"
        },
        "category_id": "103834",
        "cid": "103834",
        "child_cid": "103837",
        "product_id": "2198",
        "price": "2.80",
        "number": "1000",
        "dealer_id": "3937",
        "had_pm": "0",
        "_had_pm": "0",
        "pm_desc": "",
        "pm_list": [],
        "pm_info": "",
        "is_xf": "0",
        "pm_tags": [],
        "img": "http://img01.bqstatic.com/upload/goods/000/000/2198/0000002198.jpg@355w_355h_90Q",
        "app_mimg": "http://img01.bqstatic.com/upload/goods/000/000/2198/0000002198.jpg@355w_355h_90Q"
      },
      {
        "id": "2311",
        "name": "统一来一桶老坛酸菜牛肉面香辣味",
        "long_name": "统一来一桶老坛酸菜牛肉面香辣味120g",
        "store_nums": "200",
        "specifics": "120g",
        "attribute": "",
        "sort": "11040098",
        "brand_id": "45",
        "brand_name": "统一",
        "hot_degree": "0",
        "safe_day": "0",
        "safe_unit": "1",
        "market_price": "5",
        "pcid": "55",
        "partner_price": "5",
        "ismix": "0",
        "pre_img": "0000002311.jpg",
        "pre_imgs": "0000002311_18940.jpg",
        "cart_group_id": "0",
        "goods_type": "0",
        "source_id": "0",
        "tag_ids": "",
        "pre_state": "0",
        "keywords": "统一,老坛酸菜,牛肉面,桶装,方便面",
        "product_num": "5",
        "no_col": "0",
        "org_source_value": "2",
        "top_sort": "5",
        "safe_unit_desc": "天",
        "c_layer": "2",
        "p_cids": {
          "103843": {
            "103842": "方便速食"
          }
        },
        "cids": {
          "103843": "方便面"
        },
        "category_id": "103842",
        "cid": "103842",
        "child_cid": "103843",
        "product_id": "2311",
        "price": "5.00",
        "number": "1000",
        "dealer_id": "3937",
        "had_pm": "0",
        "_had_pm": "0",
        "pm_desc": "",
        "pm_list": [],
        "pm_info": "",
        "is_xf": "0",
        "pm_tags": [],
        "img": "http://img01.bqstatic.com/upload/goods/000/000/2311/0000002311.jpg@355w_355h_90Q",
        "app_mimg": "http://img01.bqstatic.com/upload/goods/000/000/2311/0000002311.jpg@355w_355h_90Q"
      },
      {
        "id": "2320",
        "name": "可爱多巧克力味",
        "long_name": "可爱多巧克力味1支",
        "store_nums": "200",
        "specifics": "1支",
        "attribute": "",
        "sort": "71070099",
        "brand_id": "64",
        "brand_name": "和路雪",
        "hot_degree": "0",
        "safe_day": "24",
        "safe_unit": "2",
        "market_price": "5",
        "pcid": "55",
        "partner_price": "5",
        "ismix": "0",
        "pre_img": "20160519111000_910578.jpg",
        "pre_imgs": "20160519111003_746846.jpg",
        "cart_group_id": "0",
        "goods_type": "0",
        "source_id": "0",
        "tag_ids": "",
        "pre_state": "0",
        "keywords": "可爱多,巧克力味,冰淇淋",
        "product_num": "12",
        "no_col": "0",
        "org_source_value": "2",
        "safe_unit_desc": "月",
        "c_layer": "2",
        "p_cids": {
          "103833": {
            "104788": "冰激凌"
          }
        },
        "cids": {
          "103833": "冰激凌"
        },
        "category_id": "104788",
        "cid": "104788",
        "child_cid": "103833",
        "product_id": "2320",
        "price": "4.50",
        "number": "1000",
        "dealer_id": "3937",
        "had_pm": "0",
        "_had_pm": "0",
        "pm_desc": "",
        "pm_list": [],
        "pm_info": "",
        "is_xf": "0",
        "pm_tags": [],
        "img": "http://img01.bqstatic.com/upload/goods/201/605/1911/20160519111000_910578.jpg@355w_355h_90Q",
        "app_mimg": "http://img01.bqstatic.com/upload/goods/201/605/1911/20160519111000_910578.jpg@355w_355h_90Q"
      },
      {
        "id": "2328",
        "name": "梦龙松露巧克力口味冰淇淋",
        "long_name": "梦龙松露巧克力口味冰淇淋65g",
        "store_nums": "200",
        "specifics": "65g",
        "attribute": "",
        "sort": "71070099",
        "brand_id": "64",
        "brand_name": "和路雪",
        "hot_degree": "0",
        "safe_day": "24",
        "safe_unit": "2",
        "market_price": "8",
        "pcid": "55",
        "partner_price": "8",
        "ismix": "0",
        "pre_img": "0000002328.jpg",
        "pre_imgs": "0000002328_18661.jpg",
        "cart_group_id": "0",
        "goods_type": "0",
        "source_id": "0",
        "tag_ids": "",
        "pre_state": "0",
        "keywords": "梦龙,松露巧克力口味,冰淇淋",
        "product_num": "0",
        "no_col": "0",
        "org_source_value": "2",
        "safe_unit_desc": "月",
        "c_layer": "2",
        "p_cids": {
          "103833": {
            "104788": "冰激凌"
          }
        },
        "cids": {
          "103833": "冰激凌"
        },
        "category_id": "104788",
        "cid": "104788",
        "child_cid": "103833",
        "product_id": "2328",
        "price": "8.00",
        "number": "1000",
        "dealer_id": "3937",
        "had_pm": "0",
        "_had_pm": "0",
        "pm_desc": "",
        "pm_list": [],
        "pm_info": "",
        "is_xf": "0",
        "pm_tags": [],
        "img": "http://img01.bqstatic.com/upload/goods/000/000/2328/0000002328.jpg@355w_355h_90Q",
        "app_mimg": "http://img01.bqstatic.com/upload/goods/000/000/2328/0000002328.jpg@355w_355h_90Q"
      },
      {
        "id": "2369",
        "name": "屈臣氏苏打水",
        "long_name": "屈臣氏苏打水330ml",
        "store_nums": "200",
        "specifics": "330ml",
        "attribute": "",
        "sort": "12006199",
        "brand_id": "61",
        "brand_name": "屈臣氏",
        "hot_degree": "0",
        "safe_day": "18",
        "safe_unit": "2",
        "market_price": "5",
        "pcid": "55",
        "partner_price": "5",
        "ismix": "0",
        "pre_img": "0000002369.jpg",
        "pre_imgs": "0000002369_17612.jpg",
        "cart_group_id": "0",
        "goods_type": "0",
        "source_id": "0",
        "tag_ids": "",
        "pre_state": "0",
        "keywords": "屈臣氏,苏打水,酒水饮料",
        "product_num": "4",
        "no_col": "0",
        "org_source_value": "2",
        "safe_unit_desc": "月",
        "c_layer": "2",
        "p_cids": {
          "103835": {
            "103834": "饮料酒水"
          }
        },
        "cids": {
          "103835": "饮用水"
        },
        "category_id": "103834",
        "cid": "103834",
        "child_cid": "103835",
        "product_id": "2369",
        "price": "4.50",
        "number": "1000",
        "dealer_id": "3937",
        "had_pm": "0",
        "_had_pm": "0",
        "pm_desc": "",
        "pm_list": [],
        "pm_info": "",
        "is_xf": "0",
        "pm_tags": [],
        "img": "http://img01.bqstatic.com/upload/goods/000/000/2369/0000002369.jpg@355w_355h_90Q",
        "app_mimg": "http://img01.bqstatic.com/upload/goods/000/000/2369/0000002369.jpg@355w_355h_90Q"
      },
      {
        "id": "2427",
        "name": "百事可乐",
        "long_name": "百事可乐330ml",
        "store_nums": "200",
        "specifics": "330ml",
        "attribute": "",
        "sort": "32008299",
        "brand_id": "82",
        "brand_name": "百事",
        "hot_degree": "0",
        "safe_day": "365",
        "safe_unit": "1",
        "market_price": "3",
        "pcid": "55",
        "partner_price": "3",
        "ismix": "0",
        "pre_img": "20160817115353_433821.jpg",
        "pre_imgs": "20160817115358_530865.jpg",
        "cart_group_id": "0",
        "goods_type": "0",
        "source_id": "0",
        "tag_ids": "",
        "pre_state": "0",
        "keywords": "百事,可乐,碳酸饮料",
        "product_num": "27",
        "no_col": "0",
        "org_source_value": "2",
        "safe_unit_desc": "天",
        "c_layer": "2",
        "p_cids": {
          "103837": {
            "103834": "饮料酒水"
          }
        },
        "cids": {
          "103837": "碳酸饮料"
        },
        "category_id": "103834",
        "cid": "103834",
        "child_cid": "103837",
        "product_id": "2427",
        "price": "2.80",
        "number": "1000",
        "dealer_id": "3937",
        "had_pm": "0",
        "_had_pm": "0",
        "pm_desc": "",
        "pm_list": [],
        "pm_info": "",
        "is_xf": "0",
        "pm_tags": [],
        "img": "http://img01.bqstatic.com/upload/goods/201/608/1711/20160817115353_433821.jpg@355w_355h_90Q",
        "app_mimg": "http://img01.bqstatic.com/upload/goods/201/608/1711/20160817115353_433821.jpg@355w_355h_90Q"
      },
      {
        "id": "2463",
        "name": "雪碧柠檬味听装",
        "long_name": "雪碧柠檬味听装330ml",
        "store_nums": "200",
        "specifics": "330ml",
        "attribute": "",
        "sort": "32000799",
        "brand_id": "7",
        "brand_name": "可口可乐",
        "hot_degree": "0",
        "safe_day": "12",
        "safe_unit": "2",
        "market_price": "3",
        "pcid": "55",
        "partner_price": "3",
        "ismix": "0",
        "pre_img": "0000002463_77050.jpg",
        "pre_imgs": "0000002463_07120.jpg",
        "cart_group_id": "0",
        "goods_type": "0",
        "source_id": "0",
        "tag_ids": "",
        "pre_state": "0",
        "keywords": "雪碧,柠檬味,听装,碳酸饮料",
        "product_num": "16",
        "no_col": "0",
        "org_source_value": "2",
        "safe_unit_desc": "月",
        "c_layer": "2",
        "p_cids": {
          "103837": {
            "103834": "饮料酒水"
          }
        },
        "cids": {
          "103837": "碳酸饮料"
        },
        "category_id": "103834",
        "cid": "103834",
        "child_cid": "103837",
        "product_id": "2463",
        "price": "2.80",
        "number": "1000",
        "dealer_id": "3937",
        "had_pm": "0",
        "_had_pm": "0",
        "pm_desc": "",
        "pm_list": [],
        "pm_info": "",
        "is_xf": "0",
        "pm_tags": [],
        "img": "http://img01.bqstatic.com/upload/goods/000/000/2463/0000002463_77050.jpg@355w_355h_90Q",
        "app_mimg": "http://img01.bqstatic.com/upload/goods/000/000/2463/0000002463_77050.jpg@355w_355h_90Q"
      },
      {
        "id": "2470",
        "name": "双汇玉米热狗肠",
        "long_name": "双汇玉米热狗肠40g",
        "store_nums": "200",
        "specifics": "40g",
        "attribute": "",
        "sort": "22007499",
        "brand_id": "74",
        "brand_name": "双汇",
        "hot_degree": "0",
        "safe_day": "12",
        "safe_unit": "2",
        "market_price": "1.5",
        "pcid": "55",
        "partner_price": "1.5",
        "ismix": "0",
        "pre_img": "0000002470.jpg",
        "pre_imgs": "0000002470_18918.jpg",
        "cart_group_id": "0",
        "goods_type": "0",
        "source_id": "0",
        "tag_ids": "",
        "pre_state": "0",
        "keywords": "双汇,玉米热狗肠,火腿肠",
        "product_num": "7",
        "no_col": "0",
        "org_source_value": "2",
        "safe_unit_desc": "月",
        "c_layer": "2",
        "p_cids": {
          "103844": {
            "103842": "方便速食"
          }
        },
        "cids": {
          "103844": "火腿肠卤蛋"
        },
        "category_id": "103842",
        "cid": "103842",
        "child_cid": "103844",
        "product_id": "2470",
        "price": "1.50",
        "number": "1000",
        "dealer_id": "3937",
        "had_pm": "0",
        "_had_pm": "0",
        "pm_desc": "",
        "pm_list": [],
        "pm_info": "",
        "is_xf": "0",
        "pm_tags": [],
        "img": "http://img01.bqstatic.com/upload/goods/000/000/2470/0000002470.jpg@355w_355h_90Q",
        "app_mimg": "http://img01.bqstatic.com/upload/goods/000/000/2470/0000002470.jpg@355w_355h_90Q"
      },
      {
        "id": "2474",
        "name": "旺旺雪饼",
        "long_name": "旺旺雪饼84g",
        "store_nums": "200",
        "specifics": "84g",
        "attribute": "",
        "sort": "32004499",
        "brand_id": "44",
        "brand_name": "旺旺",
        "hot_degree": "0",
        "safe_day": "0",
        "safe_unit": "1",
        "market_price": "5",
        "pcid": "55",
        "partner_price": "5",
        "ismix": "0",
        "pre_img": "0000002474_99350.jpg",
        "pre_imgs": "0000002474_12420.jpg,",
        "cart_group_id": "0",
        "goods_type": "0",
        "source_id": "0",
        "tag_ids": "",
        "pre_state": "0",
        "keywords": "旺旺雪饼,原味,休闲零食",
        "product_num": "1",
        "no_col": "0",
        "org_source_value": "2",
        "safe_unit_desc": "天",
        "c_layer": "2",
        "p_cids": {
          "103828": {
            "103826": "休闲零食"
          }
        },
        "cids": {
          "103828": "膨化食品"
        },
        "category_id": "103826",
        "cid": "103826",
        "child_cid": "103828",
        "product_id": "2474",
        "price": "5.50",
        "number": "1000",
        "dealer_id": "3937",
        "had_pm": "0",
        "_had_pm": "0",
        "pm_desc": "",
        "pm_list": [],
        "pm_info": "",
        "is_xf": "0",
        "pm_tags": [],
        "img": "http://img01.bqstatic.com/upload/goods/000/000/2474/0000002474_99350.jpg@355w_355h_90Q",
        "app_mimg": "http://img01.bqstatic.com/upload/goods/000/000/2474/0000002474_99350.jpg@355w_355h_90Q"
      },
      {
        "id": "3512",
        "name": "老干妈香辣菜",
        "long_name": "老干妈香辣菜60g",
        "store_nums": "200",
        "specifics": "60g",
        "attribute": "",
        "sort": "31020099",
        "brand_id": "381",
        "brand_name": "老干妈",
        "hot_degree": "0",
        "safe_day": "0",
        "safe_unit": "1",
        "market_price": "2",
        "pcid": "55",
        "partner_price": "2",
        "ismix": "0",
        "pre_img": "0000003512_63670.jpg",
        "pre_imgs": "0000003512_31890.jpg,",
        "cart_group_id": "0",
        "goods_type": "0",
        "source_id": "0",
        "tag_ids": "",
        "pre_state": "0",
        "keywords": "老干妈,香辣菜,速食便当,方便菜",
        "product_num": "8",
        "no_col": "0",
        "org_source_value": "2",
        "safe_unit_desc": "天",
        "c_layer": "2",
        "p_cids": {
          "103845": {
            "103842": "方便速食"
          }
        },
        "cids": {
          "103845": "下饭小菜"
        },
        "category_id": "103842",
        "cid": "103842",
        "child_cid": "103845",
        "product_id": "3512",
        "price": "2.00",
        "number": "1000",
        "dealer_id": "3937",
        "had_pm": "0",
        "_had_pm": "0",
        "pm_desc": "",
        "pm_list": [],
        "pm_info": "",
        "is_xf": "0",
        "pm_tags": [],
        "img": "http://img01.bqstatic.com/upload/goods/000/000/3512/0000003512_63670.jpg@355w_355h_90Q",
        "app_mimg": "http://img01.bqstatic.com/upload/goods/000/000/3512/0000003512_63670.jpg@355w_355h_90Q"
      },
      {
        "id": "3724",
        "name": "维他菊花茶饮品",
        "long_name": "维他菊花茶饮品250ml",
        "store_nums": "200",
        "specifics": "250ml",
        "attribute": "",
        "sort": "52010699",
        "brand_id": "106",
        "brand_name": "维他",
        "hot_degree": "0",
        "safe_day": "330",
        "safe_unit": "1",
        "market_price": "2",
        "pcid": "55",
        "partner_price": "2",
        "ismix": "0",
        "pre_img": "20161026182018_621410.jpg",
        "pre_imgs": "20161026182023_749880.jpg",
        "cart_group_id": "0",
        "goods_type": "0",
        "source_id": "0",
        "tag_ids": "",
        "pre_state": "0",
        "keywords": "维他菊花茶饮品",
        "product_num": "16",
        "no_col": "0",
        "org_source_value": "2",
        "safe_unit_desc": "天",
        "c_layer": "2",
        "p_cids": {
          "103839": {
            "103834": "饮料酒水"
          }
        },
        "cids": {
          "103839": "茶饮/咖啡"
        },
        "category_id": "103834",
        "cid": "103834",
        "child_cid": "103839",
        "product_id": "3724",
        "price": "3.00",
        "number": "1000",
        "dealer_id": "3937",
        "had_pm": "0",
        "_had_pm": "0",
        "pm_desc": "",
        "pm_list": [],
        "pm_info": "",
        "is_xf": "0",
        "pm_tags": [],
        "img": "http://img01.bqstatic.com/upload/goods/201/610/2618/20161026182018_621410.jpg@355w_355h_90Q",
        "app_mimg": "http://img01.bqstatic.com/upload/goods/201/610/2618/20161026182018_621410.jpg@355w_355h_90Q"
      },
      {
        "id": "4105",
        "name": "益力多乳酸菌",
        "long_name": "益力多乳酸菌100ml",
        "store_nums": "200",
        "specifics": "100ml",
        "attribute": "",
        "sort": "12052899",
        "brand_id": "528",
        "brand_name": "益力多",
        "hot_degree": "0",
        "safe_day": "0",
        "safe_unit": "1",
        "market_price": "3.5",
        "pcid": "55",
        "partner_price": "3.5",
        "ismix": "0",
        "pre_img": "0000004105.jpg",
        "pre_imgs": "0000004105_16438.jpg,",
        "cart_group_id": "0",
        "goods_type": "0",
        "source_id": "0",
        "tag_ids": "",
        "pre_state": "0",
        "keywords": "益力多,乳酸菌,乳制品,低温酸奶",
        "product_num": "2",
        "no_col": "0",
        "org_source_value": "2",
        "safe_unit_desc": "天",
        "c_layer": "2",
        "p_cids": {
          "103822": {
            "103821": "牛奶面包"
          }
        },
        "cids": {
          "103822": "酸奶乳酸菌"
        },
        "category_id": "103821",
        "cid": "103821",
        "child_cid": "103822",
        "product_id": "4105",
        "price": "2.50",
        "number": "1000",
        "dealer_id": "3937",
        "had_pm": "0",
        "_had_pm": "0",
        "pm_desc": "",
        "pm_list": [],
        "pm_info": "",
        "is_xf": "0",
        "pm_tags": [],
        "img": "http://img01.bqstatic.com/upload/goods/000/000/4105/0000004105.jpg@355w_355h_90Q",
        "app_mimg": "http://img01.bqstatic.com/upload/goods/000/000/4105/0000004105.jpg@355w_355h_90Q"
      },
      {
        "id": "4118",
        "name": "伊利玉米香雪糕",
        "long_name": "伊利玉米香雪糕1支",
        "store_nums": "200",
        "specifics": "1支",
        "attribute": "",
        "sort": "71030099",
        "brand_id": "25",
        "brand_name": "伊利",
        "hot_degree": "0",
        "safe_day": "0",
        "safe_unit": "1",
        "market_price": "1.5",
        "pcid": "55",
        "partner_price": "1.5",
        "ismix": "0",
        "pre_img": "0000004118.jpg",
        "pre_imgs": "0000004118_16547.jpg,",
        "cart_group_id": "0",
        "goods_type": "0",
        "source_id": "0",
        "tag_ids": "",
        "pre_state": "0",
        "keywords": "伊利玉米香雪糕,冰淇淋,袋装",
        "product_num": "3",
        "no_col": "0",
        "org_source_value": "2",
        "safe_unit_desc": "天",
        "c_layer": "2",
        "p_cids": {
          "103833": {
            "104788": "冰激凌"
          }
        },
        "cids": {
          "103833": "冰激凌"
        },
        "category_id": "104788",
        "cid": "104788",
        "child_cid": "103833",
        "product_id": "4118",
        "price": "2.50",
        "number": "1000",
        "dealer_id": "3937",
        "had_pm": "0",
        "_had_pm": "0",
        "pm_desc": "",
        "pm_list": [],
        "pm_info": "",
        "is_xf": "0",
        "pm_tags": [],
        "img": "http://img01.bqstatic.com/upload/goods/000/000/4118/0000004118.jpg@355w_355h_90Q",
        "app_mimg": "http://img01.bqstatic.com/upload/goods/000/000/4118/0000004118.jpg@355w_355h_90Q"
      },
      {
        "id": "4129",
        "name": "双汇香辣香脆肠",
        "long_name": "双汇香辣香脆肠35g",
        "store_nums": "200",
        "specifics": "35g",
        "attribute": "",
        "sort": "22007499",
        "brand_id": "74",
        "brand_name": "双汇",
        "hot_degree": "0",
        "safe_day": "90",
        "safe_unit": "1",
        "market_price": "1.5",
        "pcid": "55",
        "partner_price": "1.5",
        "ismix": "0",
        "pre_img": "0000004129.jpg",
        "pre_imgs": "0000004129_17188.jpg",
        "cart_group_id": "0",
        "goods_type": "0",
        "source_id": "0",
        "tag_ids": "",
        "pre_state": "0",
        "keywords": "双汇,香辣,香脆肠,速食便当,火腿肠",
        "product_num": "5",
        "no_col": "0",
        "org_source_value": "2",
        "safe_unit_desc": "天",
        "c_layer": "2",
        "p_cids": {
          "103844": {
            "103842": "方便速食"
          }
        },
        "cids": {
          "103844": "火腿肠卤蛋"
        },
        "category_id": "103842",
        "cid": "103842",
        "child_cid": "103844",
        "product_id": "4129",
        "price": "1.50",
        "number": "1000",
        "dealer_id": "3937",
        "had_pm": "0",
        "_had_pm": "0",
        "pm_desc": "",
        "pm_list": [],
        "pm_info": "",
        "is_xf": "0",
        "pm_tags": [],
        "img": "http://img01.bqstatic.com/upload/goods/000/000/4129/0000004129.jpg@355w_355h_90Q",
        "app_mimg": "http://img01.bqstatic.com/upload/goods/000/000/4129/0000004129.jpg@355w_355h_90Q"
      },
      {
        "id": "4188",
        "name": "屈臣氏蒸馏水",
        "long_name": "屈臣氏蒸馏水600ml",
        "store_nums": "200",
        "specifics": "600ml",
        "attribute": "",
        "sort": "12006199",
        "brand_id": "61",
        "brand_name": "屈臣氏",
        "hot_degree": "0",
        "safe_day": "0",
        "safe_unit": "1",
        "market_price": "3.5",
        "pcid": "55",
        "partner_price": "3.5",
        "ismix": "0",
        "pre_img": "0000004188.jpg",
        "pre_imgs": "0000004188_17616.jpg,",
        "cart_group_id": "0",
        "goods_type": "0",
        "source_id": "0",
        "tag_ids": "",
        "pre_state": "0",
        "keywords": "屈臣氏,蒸馏水,酒水饮品,矿泉水",
        "product_num": "0",
        "no_col": "0",
        "org_source_value": "2",
        "safe_unit_desc": "天",
        "c_layer": "2",
        "p_cids": {
          "103835": {
            "103834": "饮料酒水"
          }
        },
        "cids": {
          "103835": "饮用水"
        },
        "category_id": "103834",
        "cid": "103834",
        "child_cid": "103835",
        "product_id": "4188",
        "price": "3.50",
        "number": "1000",
        "dealer_id": "3937",
        "had_pm": "0",
        "_had_pm": "0",
        "pm_desc": "",
        "pm_list": [],
        "pm_info": "",
        "is_xf": "0",
        "pm_tags": [],
        "img": "http://img01.bqstatic.com/upload/goods/000/000/4188/0000004188.jpg@355w_355h_90Q",
        "app_mimg": "http://img01.bqstatic.com/upload/goods/000/000/4188/0000004188.jpg@355w_355h_90Q"
      },
      {
        "id": "4193",
        "name": "伊利巧乐兹巧恋果雪糕",
        "long_name": "伊利巧乐兹巧恋果雪糕1支",
        "store_nums": "200",
        "specifics": "1支",
        "attribute": "",
        "sort": "71030099",
        "brand_id": "25",
        "brand_name": "伊利",
        "hot_degree": "0",
        "safe_day": "0",
        "safe_unit": "1",
        "market_price": "4",
        "pcid": "55",
        "partner_price": "4",
        "ismix": "0",
        "pre_img": "0000004193.jpg",
        "pre_imgs": "0000004193_16555.jpg,",
        "cart_group_id": "0",
        "goods_type": "0",
        "source_id": "0",
        "tag_ids": "",
        "pre_state": "0",
        "keywords": "伊利,巧乐兹,巧恋果,雪糕,冰淇淋,袋装",
        "product_num": "3",
        "no_col": "0",
        "org_source_value": "2",
        "safe_unit_desc": "天",
        "c_layer": "2",
        "p_cids": {
          "103833": {
            "104788": "冰激凌"
          }
        },
        "cids": {
          "103833": "冰激凌"
        },
        "category_id": "104788",
        "cid": "104788",
        "child_cid": "103833",
        "product_id": "4193",
        "price": "3.50",
        "number": "1000",
        "dealer_id": "3937",
        "had_pm": "0",
        "_had_pm": "0",
        "pm_desc": "",
        "pm_list": [],
        "pm_info": "",
        "is_xf": "0",
        "pm_tags": [],
        "img": "http://img01.bqstatic.com/upload/goods/000/000/4193/0000004193.jpg@355w_355h_90Q",
        "app_mimg": "http://img01.bqstatic.com/upload/goods/000/000/4193/0000004193.jpg@355w_355h_90Q"
      },
      {
        "id": "4222",
        "name": "咪咪虾条",
        "long_name": "咪咪虾条20g",
        "store_nums": "200",
        "specifics": "20g",
        "attribute": "",
        "sort": "32055199",
        "brand_id": "551",
        "brand_name": "咪咪",
        "hot_degree": "0",
        "safe_day": "0",
        "safe_unit": "1",
        "market_price": "1",
        "pcid": "55",
        "partner_price": "1",
        "ismix": "0",
        "pre_img": "0000004222.jpg",
        "pre_imgs": "0000004222_17923.jpg",
        "cart_group_id": "0",
        "goods_type": "0",
        "source_id": "0",
        "tag_ids": "",
        "pre_state": "0",
        "keywords": "咪咪,虾条,休闲零食,零食小吃",
        "product_num": "52",
        "no_col": "0",
        "org_source_value": "2",
        "top_sort": "2",
        "safe_unit_desc": "天",
        "c_layer": "2",
        "p_cids": {
          "103828": {
            "103826": "休闲零食"
          }
        },
        "cids": {
          "103828": "膨化食品"
        },
        "category_id": "103826",
        "cid": "103826",
        "child_cid": "103828",
        "product_id": "4222",
        "price": "0.80",
        "number": "1000",
        "dealer_id": "3937",
        "had_pm": "0",
        "_had_pm": "0",
        "pm_desc": "",
        "pm_list": [],
        "pm_info": "",
        "is_xf": "0",
        "pm_tags": [],
        "img": "http://img01.bqstatic.com/upload/goods/000/000/4222/0000004222.jpg@355w_355h_90Q",
        "app_mimg": "http://img01.bqstatic.com/upload/goods/000/000/4222/0000004222.jpg@355w_355h_90Q"
      },
      {
        "id": "4309",
        "name": "东鹏特饮维生素功能饮料",
        "long_name": "东鹏特饮维生素功能饮料250ml",
        "store_nums": "200",
        "specifics": "250ml",
        "attribute": "",
        "sort": "42049399",
        "brand_id": "493",
        "brand_name": "东鹏",
        "hot_degree": "0",
        "safe_day": "0",
        "safe_unit": "1",
        "market_price": "3.5",
        "pcid": "55",
        "partner_price": "3.5",
        "ismix": "0",
        "pre_img": "0000004309_03400.jpg",
        "pre_imgs": "0000004309_26390.jpg",
        "cart_group_id": "0",
        "goods_type": "0",
        "source_id": "0",
        "tag_ids": "",
        "pre_state": "0",
        "keywords": "东鹏,特饮,酒水饮品,机能饮料",
        "product_num": "12",
        "no_col": "0",
        "org_source_value": "2",
        "safe_unit_desc": "天",
        "c_layer": "2",
        "p_cids": {
          "103838": {
            "103834": "饮料酒水"
          }
        },
        "cids": {
          "103838": "功能饮料"
        },
        "category_id": "103834",
        "cid": "103834",
        "child_cid": "103838",
        "product_id": "4309",
        "price": "3.50",
        "number": "1000",
        "dealer_id": "3937",
        "had_pm": "0",
        "_had_pm": "0",
        "pm_desc": "",
        "pm_list": [],
        "pm_info": "",
        "is_xf": "0",
        "pm_tags": [],
        "img": "http://img01.bqstatic.com/upload/goods/000/000/4309/0000004309_03400.jpg@355w_355h_90Q",
        "app_mimg": "http://img01.bqstatic.com/upload/goods/000/000/4309/0000004309_03400.jpg@355w_355h_90Q"
      },
      {
        "id": "4315",
        "name": "广氏菠萝啤",
        "long_name": "广氏菠萝啤330ml",
        "store_nums": "200",
        "specifics": "330ml",
        "attribute": "",
        "sort": "32049599",
        "brand_id": "495",
        "brand_name": "广氏",
        "hot_degree": "0",
        "safe_day": "0",
        "safe_unit": "1",
        "market_price": "3",
        "pcid": "55",
        "partner_price": "3",
        "ismix": "0",
        "pre_img": "0000004315.jpg",
        "pre_imgs": "0000004315_16798.jpg,",
        "cart_group_id": "0",
        "goods_type": "0",
        "source_id": "0",
        "tag_ids": "",
        "pre_state": "0",
        "keywords": "广氏,菠萝,啤,酒水饮品,啤酒",
        "product_num": "4",
        "no_col": "0",
        "org_source_value": "2",
        "safe_unit_desc": "天",
        "c_layer": "2",
        "p_cids": {
          "103837": {
            "103834": "饮料酒水"
          }
        },
        "cids": {
          "103837": "碳酸饮料"
        },
        "category_id": "103834",
        "cid": "103834",
        "child_cid": "103837",
        "product_id": "4315",
        "price": "3.50",
        "number": "1000",
        "dealer_id": "3937",
        "had_pm": "0",
        "_had_pm": "0",
        "pm_desc": "",
        "pm_list": [],
        "pm_info": "",
        "is_xf": "0",
        "pm_tags": [],
        "img": "http://img01.bqstatic.com/upload/goods/000/000/4315/0000004315.jpg@355w_355h_90Q",
        "app_mimg": "http://img01.bqstatic.com/upload/goods/000/000/4315/0000004315.jpg@355w_355h_90Q"
      },
      {
        "id": "4440",
        "name": "五羊香芋味冰淇淋甜筒",
        "long_name": "五羊香芋味冰淇淋甜筒1支",
        "store_nums": "200",
        "specifics": "1支",
        "attribute": "",
        "sort": "72056699",
        "brand_id": "566",
        "brand_name": "五羊",
        "hot_degree": "0",
        "safe_day": "0",
        "safe_unit": "1",
        "market_price": "3",
        "pcid": "55",
        "partner_price": "3",
        "ismix": "0",
        "pre_img": "0000004440.jpg",
        "pre_imgs": "0000004440_17137.jpg,",
        "cart_group_id": "0",
        "goods_type": "0",
        "source_id": "0",
        "tag_ids": "",
        "pre_state": "0",
        "keywords": "五羊,香芋味,冰淇淋,桶装",
        "product_num": "2",
        "no_col": "0",
        "org_source_value": "2",
        "safe_unit_desc": "天",
        "c_layer": "2",
        "p_cids": {
          "103833": {
            "104788": "冰激凌"
          }
        },
        "cids": {
          "103833": "冰激凌"
        },
        "category_id": "104788",
        "cid": "104788",
        "child_cid": "103833",
        "product_id": "4440",
        "price": "3.50",
        "number": "1000",
        "dealer_id": "3937",
        "had_pm": "0",
        "_had_pm": "0",
        "pm_desc": "",
        "pm_list": [],
        "pm_info": "",
        "is_xf": "0",
        "pm_tags": [],
        "img": "http://img01.bqstatic.com/upload/goods/000/000/4440/0000004440.jpg@355w_355h_90Q",
        "app_mimg": "http://img01.bqstatic.com/upload/goods/000/000/4440/0000004440.jpg@355w_355h_90Q"
      },
      {
        "id": "5017",
        "name": "蒙牛老冰棍棒冰",
        "long_name": "蒙牛老冰棍棒冰1支",
        "store_nums": "200",
        "specifics": "1支",
        "attribute": "",
        "sort": "72002399",
        "brand_id": "23",
        "brand_name": "蒙牛",
        "hot_degree": "0",
        "safe_day": "0",
        "safe_unit": "1",
        "market_price": "1",
        "pcid": "55",
        "partner_price": "1",
        "ismix": "0",
        "pre_img": "0000005017.jpg",
        "pre_imgs": "0000005017_17901.jpg",
        "cart_group_id": "0",
        "goods_type": "0",
        "source_id": "0",
        "tag_ids": "",
        "pre_state": "0",
        "keywords": "",
        "product_num": "28",
        "no_col": "0",
        "org_source_value": "2",
        "safe_unit_desc": "天",
        "c_layer": "2",
        "p_cids": {
          "103833": {
            "104788": "冰激凌"
          }
        },
        "cids": {
          "103833": "冰激凌"
        },
        "category_id": "104788",
        "cid": "104788",
        "child_cid": "103833",
        "product_id": "5017",
        "price": "1.50",
        "number": "1000",
        "dealer_id": "3937",
        "had_pm": "0",
        "_had_pm": "0",
        "pm_desc": "",
        "pm_list": [],
        "pm_info": "",
        "is_xf": "0",
        "pm_tags": [],
        "img": "http://img01.bqstatic.com/upload/goods/000/000/5017/0000005017.jpg@355w_355h_90Q",
        "app_mimg": "http://img01.bqstatic.com/upload/goods/000/000/5017/0000005017.jpg@355w_355h_90Q"
      },
      {
        "id": "5269",
        "name": "晨光酸牛奶",
        "long_name": "晨光酸牛奶236ml",
        "store_nums": "200",
        "specifics": "236ml",
        "attribute": "",
        "sort": "32070799",
        "brand_id": "707",
        "brand_name": "晨光",
        "hot_degree": "0",
        "safe_day": "0",
        "safe_unit": "1",
        "market_price": "5",
        "pcid": "55",
        "partner_price": "5",
        "ismix": "0",
        "pre_img": "0000005269.jpg",
        "pre_imgs": "0000005269_16331.jpg,",
        "cart_group_id": "0",
        "goods_type": "0",
        "source_id": "0",
        "tag_ids": "",
        "pre_state": "0",
        "keywords": "晨光,酸牛奶,乳制品,牛奶,闪送超市,",
        "product_num": "9",
        "no_col": "0",
        "org_source_value": "2",
        "top_sort": "3",
        "safe_unit_desc": "天",
        "c_layer": "2",
        "p_cids": {
          "103824": {
            "103821": "牛奶面包"
          }
        },
        "cids": {
          "103824": "豆奶/豆浆"
        },
        "category_id": "103821",
        "cid": "103821",
        "child_cid": "103824",
        "product_id": "5269",
        "price": "5.00",
        "number": "1000",
        "dealer_id": "3937",
        "had_pm": "0",
        "_had_pm": "0",
        "pm_desc": "",
        "pm_list": [],
        "pm_info": "",
        "is_xf": "0",
        "pm_tags": [],
        "img": "http://img01.bqstatic.com/upload/goods/000/000/5269/0000005269.jpg@355w_355h_90Q",
        "app_mimg": "http://img01.bqstatic.com/upload/goods/000/000/5269/0000005269.jpg@355w_355h_90Q"
      },
      {
        "id": "8627",
        "name": "农夫山泉饮用天然水",
        "long_name": "农夫山泉饮用天然水1.5L",
        "store_nums": "200",
        "specifics": "1.5L",
        "attribute": "",
        "sort": "12001199",
        "brand_id": "11",
        "brand_name": "农夫山泉",
        "hot_degree": "0",
        "safe_day": "365",
        "safe_unit": "1",
        "market_price": "3.5",
        "pcid": "55",
        "partner_price": "3.5",
        "ismix": "0",
        "pre_img": "0000008627.jpg",
        "pre_imgs": "0000008627_12596.jpg",
        "cart_group_id": "0",
        "goods_type": "0",
        "source_id": "0",
        "tag_ids": "",
        "pre_state": "0",
        "keywords": "农夫山泉饮用天然水",
        "product_num": "19",
        "no_col": "0",
        "org_source_value": "2",
        "top_sort": "3",
        "safe_unit_desc": "天",
        "c_layer": "2",
        "p_cids": {
          "104756": {
            "104755": "热销榜"
          }
        },
        "cids": {
          "104756": "热销榜"
        },
        "category_id": "104755",
        "cid": "104755",
        "child_cid": "104756",
        "product_id": "8627",
        "price": "3.50",
        "number": "1000",
        "dealer_id": "3937",
        "had_pm": "0",
        "_had_pm": "0",
        "pm_desc": "",
        "pm_list": [],
        "pm_info": "",
        "is_xf": "0",
        "pm_tags": [],
        "img": "http://img01.bqstatic.com/upload/goods/000/000/8627/0000008627.jpg@355w_355h_90Q",
        "app_mimg": "http://img01.bqstatic.com/upload/goods/000/000/8627/0000008627.jpg@355w_355h_90Q"
      },
      {
        "id": "8704",
        "name": "杨协成马蹄爽",
        "long_name": "杨协成马蹄爽300ml",
        "store_nums": "200",
        "specifics": "300ml",
        "attribute": "",
        "sort": "22081699",
        "brand_id": "816",
        "brand_name": "杨协成",
        "hot_degree": "0",
        "safe_day": "0",
        "safe_unit": "1",
        "market_price": "5",
        "pcid": "55",
        "partner_price": "5",
        "ismix": "0",
        "pre_img": "0000008704.jpg",
        "pre_imgs": "0000008704_12762.jpg,",
        "cart_group_id": "0",
        "goods_type": "0",
        "source_id": "0",
        "tag_ids": "",
        "pre_state": "0",
        "keywords": "",
        "product_num": "7",
        "no_col": "0",
        "org_source_value": "2",
        "safe_unit_desc": "天",
        "c_layer": "2",
        "p_cids": {
          "103836": {
            "103834": "饮料酒水"
          }
        },
        "cids": {
          "103836": "果汁饮料"
        },
        "category_id": "103834",
        "cid": "103834",
        "child_cid": "103836",
        "product_id": "8704",
        "price": "4.00",
        "number": "1000",
        "dealer_id": "3937",
        "had_pm": "0",
        "_had_pm": "0",
        "pm_desc": "",
        "pm_list": [],
        "pm_info": "",
        "is_xf": "0",
        "pm_tags": [],
        "img": "http://img01.bqstatic.com/upload/goods/000/000/8704/0000008704.jpg@355w_355h_90Q",
        "app_mimg": "http://img01.bqstatic.com/upload/goods/000/000/8704/0000008704.jpg@355w_355h_90Q"
      },
      {
        "id": "8802",
        "name": "益力多5瓶",
        "long_name": "益力多5瓶500ml",
        "store_nums": "200",
        "specifics": "500ml",
        "attribute": "",
        "sort": "12052899",
        "brand_id": "528",
        "brand_name": "益力多",
        "hot_degree": "0",
        "safe_day": "0",
        "safe_unit": "1",
        "market_price": "12",
        "pcid": "55",
        "partner_price": "12",
        "ismix": "0",
        "pre_img": "0000008802.jpg",
        "pre_imgs": "0000008802_12976.jpg,",
        "cart_group_id": "0",
        "goods_type": "0",
        "source_id": "0",
        "tag_ids": "",
        "pre_state": "0",
        "keywords": "",
        "product_num": "21",
        "no_col": "0",
        "org_source_value": "2",
        "top_sort": "1",
        "safe_unit_desc": "天",
        "c_layer": "2",
        "p_cids": {
          "103822": {
            "103821": "牛奶面包"
          }
        },
        "cids": {
          "103822": "酸奶乳酸菌"
        },
        "category_id": "103821",
        "cid": "103821",
        "child_cid": "103822",
        "product_id": "8802",
        "price": "12.00",
        "number": "1000",
        "dealer_id": "3937",
        "had_pm": "0",
        "_had_pm": "0",
        "pm_desc": "",
        "pm_list": [],
        "pm_info": "",
        "is_xf": "0",
        "pm_tags": [],
        "img": "http://img01.bqstatic.com/upload/goods/000/000/8802/0000008802.jpg@355w_355h_90Q",
        "app_mimg": "http://img01.bqstatic.com/upload/goods/000/000/8802/0000008802.jpg@355w_355h_90Q"
      },
      {
        "id": "10474",
        "name": "维他柠檬茶",
        "long_name": "维他柠檬茶250ml*6包",
        "store_nums": "200",
        "specifics": "250ml*6包",
        "attribute": "",
        "sort": "52010699",
        "brand_id": "106",
        "brand_name": "维他",
        "hot_degree": "0",
        "safe_day": "0",
        "safe_unit": "1",
        "market_price": "16.8",
        "pcid": "55",
        "partner_price": "16.8",
        "ismix": "0",
        "pre_img": "0000010474.jpg",
        "pre_imgs": "0000010474_19119.jpg,",
        "cart_group_id": "0",
        "goods_type": "0",
        "source_id": "0",
        "tag_ids": "",
        "pre_state": "0",
        "keywords": "",
        "product_num": "8",
        "no_col": "0",
        "org_source_value": "2",
        "top_sort": "2",
        "safe_unit_desc": "天",
        "c_layer": "2",
        "p_cids": {
          "103839": {
            "103834": "饮料酒水"
          }
        },
        "cids": {
          "103839": "茶饮/咖啡"
        },
        "category_id": "103834",
        "cid": "103834",
        "child_cid": "103839",
        "product_id": "10474",
        "price": "17.00",
        "number": "1000",
        "dealer_id": "3937",
        "had_pm": "0",
        "_had_pm": "0",
        "pm_desc": "",
        "pm_list": [],
        "pm_info": "",
        "is_xf": "0",
        "pm_tags": [],
        "img": "http://img01.bqstatic.com/upload/goods/000/001/0474/0000010474.jpg@355w_355h_90Q",
        "app_mimg": "http://img01.bqstatic.com/upload/goods/000/001/0474/0000010474.jpg@355w_355h_90Q"
      },
      {
        "id": "90470",
        "name": "椰树牌椰子汁",
        "long_name": "椰树牌椰子汁245ml",
        "store_nums": "200",
        "specifics": "245ml",
        "attribute": "",
        "sort": "112052599",
        "brand_id": "525",
        "brand_name": "椰树牌",
        "hot_degree": "0",
        "safe_day": "0",
        "safe_unit": "1",
        "market_price": "4.5",
        "pcid": "55",
        "partner_price": "4.5",
        "ismix": "0",
        "pre_img": "0000090470_60560.jpg",
        "pre_imgs": "0000090470_77740.jpg,",
        "cart_group_id": "0",
        "goods_type": "0",
        "source_id": "0",
        "tag_ids": "",
        "pre_state": "0",
        "keywords": "",
        "product_num": "2",
        "no_col": "0",
        "org_source_value": "2",
        "safe_unit_desc": "天",
        "c_layer": "2",
        "p_cids": {
          "104498": {
            "103834": "饮料酒水"
          }
        },
        "cids": {
          "104498": "植物蛋白"
        },
        "category_id": "103834",
        "cid": "103834",
        "child_cid": "104498",
        "product_id": "90470",
        "price": "4.50",
        "number": "1000",
        "dealer_id": "3937",
        "had_pm": "0",
        "_had_pm": "0",
        "pm_desc": "",
        "pm_list": [],
        "pm_info": "",
        "is_xf": "0",
        "pm_tags": [],
        "img": "http://img01.bqstatic.com/upload/goods/000/009/0470/0000090470_60560.jpg@355w_355h_90Q",
        "app_mimg": "http://img01.bqstatic.com/upload/goods/000/009/0470/0000090470_60560.jpg@355w_355h_90Q"
      }
    ]
  }
}